FID,Shape *,OBJECTID,Path,Name,DateTime,Direction,Ket,Kelas,X,Y,RASTERVALU
0,Point ZM,1,E:\KRB BULUKUMBA\KRB\KRB BULUKUMBA\VALIDASI DATA\SURVEY BULUKUMBA BERSAMA BPBD\tanah longsor Shapefile\tanah longsor Shapefile\photos\20250902023414.jpg,20250902023414.jpg, ,-9999,Banjir,1,120.250103,-5.528592,0.581868
1,Point ZM,2,E:\KRB BULUKUMBA\KRB\KRB BULUKUMBA\VALIDASI DATA\SURVEY BULUKUMBA BERSAMA BPBD\tanah longsor Shapefile\tanah longsor Shapefile\photos\20250902023444.jpg,20250902023444.jpg, ,-9999,Banjir,1,120.250089,-5.528586,0.581868
2,Point ZM,3,E:\KRB BULUKUMBA\KRB\KRB BULUKUMBA\VALIDASI DATA\SURVEY BULUKUMBA BERSAMA BPBD\tanah longsor Shapefile\tanah longsor Shapefile\photos\20250902023528.jpg,20250902023528.jpg, ,-9999,Banjir,1,120.250089,-5.528589,0.581868
3,Point ZM,4,E:\KRB BULUKUMBA\KRB\KRB BULUKUMBA\VALIDASI DATA\SURVEY BULUKUMBA BERSAMA BPBD\tanah longsor Shapefile\tanah longsor Shapefile\photos\20250902032252.jpg,20250902032252.jpg, ,-9999,Banjir,1,120.324575,-5.482461,0.623543
4,Point ZM,5,E:\KRB BULUKUMBA\KRB\KRB BULUKUMBA\VALIDASI DATA\SURVEY BULUKUMBA BERSAMA BPBD\tanah longsor Shapefile\tanah longsor Shapefile\photos\20250902032305.jpg,20250902032305.jpg, ,-9999,Banjir,1,120.324556,-5.482456,0.623543
5,Point ZM,6,E:\KRB BULUKUMBA\KRB\KRB BULUKUMBA\VALIDASI DATA\SURVEY BULUKUMBA BERSAMA BPBD\tanah longsor Shapefile\tanah longsor Shapefile\photos\20250902061550.jpg,20250902061550.jpg, ,-9999,Tidak Banjir,0,120.431047,-5.523719,-9999
6,Point ZM,7,E:\KRB BULUKUMBA\KRB\KRB BULUKUMBA\VALIDASI DATA\SURVEY BULUKUMBA BERSAMA BPBD\tanah longsor Shapefile\tanah longsor Shapefile\photos\20250902064343.jpg,20250902064343.jpg, ,-9999,Tidak Banjir,0,120.443231,-5.488067,-9999
7,Point ZM,8,E:\KRB BULUKUMBA\KRB\KRB BULUKUMBA\VALIDASI DATA\SURVEY BULUKUMBA BERSAMA BPBD\tanah longsor Shapefile\tanah longsor Shapefile\photos\20250902064357.jpg,20250902064357.jpg, ,-9999,Tidak Banjir,0,120.443203,-5.48805,-9999
8,Point ZM,9,E:\KRB BULUKUMBA\KRB\KRB BULUKUMBA\VALIDASI DATA\SURVEY BULUKUMBA BERSAMA BPBD\tanah longsor Shapefile\tanah longsor Shapefile\photos\20250902070333.jpg,20250902070333.jpg, ,-9999,Tidak Banjir,0,120.424781,-5.470475,-9999
9,Point ZM,10,E:\KRB BULUKUMBA\KRB\KRB BULUKUMBA\VALIDASI DATA\SURVEY BULUKUMBA BERSAMA BPBD\tanah longsor Shapefile\tanah longsor Shapefile\photos\20250902070347.jpg,20250902070347.jpg, ,-9999,Tidak Banjir,0,120.424789,-5.470456,-9999
10,Point ZM,11,E:\KRB BULUKUMBA\KRB\KRB BULUKUMBA\VALIDASI DATA\SURVEY BULUKUMBA BERSAMA BPBD\tanah longsor Shapefile\tanah longsor Shapefile\photos\20250902074005.jpg,20250902074005.jpg, ,-9999,Tidak Banjir,0,120.363164,-5.4162,0.74842
11,Point ZM,12,E:\KRB BULUKUMBA\KRB\KRB BULUKUMBA\VALIDASI DATA\SURVEY BULUKUMBA BERSAMA BPBD\tanah longsor Shapefile\tanah longsor Shapefile\photos\20250902080952.jpg,20250902080952.jpg, ,-9999,Tidak Banjir,0,120.394256,-5.395569,-9999
12,Point ZM,13,E:\KRB BULUKUMBA\KRB\KRB BULUKUMBA\VALIDASI DATA\SURVEY BULUKUMBA BERSAMA BPBD\tanah longsor Shapefile\tanah longsor Shapefile\photos\20250902081207.jpg,20250902081207.jpg, ,-9999,Tidak Banjir,0,120.394139,-5.395089,-9999
13,Point ZM,14,E:\KRB BULUKUMBA\KRB\KRB BULUKUMBA\VALIDASI DATA\SURVEY BULUKUMBA BERSAMA BPBD\tanah longsor Shapefile\tanah longsor Shapefile\photos\20250902081235.jpg,20250902081235.jpg, ,-9999,Tidak Banjir,0,120.394111,-5.395097,-9999
14,Point ZM,15,E:\KRB BULUKUMBA\KRB\KRB BULUKUMBA\VALIDASI DATA\SURVEY BULUKUMBA BERSAMA BPBD\tanah longsor Shapefile\tanah longsor Shapefile\photos\20250902081402.jpg,20250902081402.jpg, ,-9999,Tidak Banjir,0,120.394156,-5.394919,-9999
15,Point ZM,16,E:\KRB BULUKUMBA\KRB\KRB BULUKUMBA\VALIDASI DATA\SURVEY BULUKUMBA BERSAMA BPBD\tanah longsor Shapefile\tanah longsor Shapefile\photos\20250902081517.jpg,20250902081517.jpg, ,-9999,Tidak Banjir,0,120.394269,-5.394764,-9999
16,Point ZM,17,E:\KRB BULUKUMBA\KRB\KRB BULUKUMBA\VALIDASI DATA\SURVEY BULUKUMBA BERSAMA BPBD\tanah longsor Shapefile\tanah longsor Shapefile\photos\20250902082157.jpg,20250902082157.jpg, ,-9999,Tidak Banjir,0,120.393381,-5.391094,-9999
17,Point ZM,18,E:\KRB BULUKUMBA\KRB\KRB BULUKUMBA\VALIDASI DATA\SURVEY BULUKUMBA BERSAMA BPBD\tanah longsor Shapefile\tanah longsor Shapefile\photos\20250902082302.jpg,20250902082302.jpg, ,-9999,Tidak Banjir,0,120.393569,-5.391097,-9999
18,Point ZM,19,E:\KRB BULUKUMBA\KRB\KRB BULUKUMBA\VALIDASI DATA\SURVEY BULUKUMBA BERSAMA BPBD\tanah longsor Shapefile\tanah longsor Shapefile\photos\20250902084104.jpg,20250902084104.jpg, ,-9999,Tidak Banjir,0,120.378294,-5.353464,-9999
19,Point ZM,20,E:\KRB BULUKUMBA\KRB\KRB BULUKUMBA\VALIDASI DATA\SURVEY BULUKUMBA BERSAMA BPBD\tanah longsor Shapefile\tanah longsor Shapefile\photos\20250902084136.jpg,20250902084136.jpg, ,-9999,Tidak Banjir,0,120.378356,-5.353506,-9999
20,Point ZM,21,E:\KRB BULUKUMBA\KRB\KRB BULUKUMBA\VALIDASI DATA\SURVEY BULUKUMBA BERSAMA BPBD\tanah longsor Shapefile\tanah longsor Shapefile\photos\20250902084215.jpg,20250902084215.jpg, ,-9999,Tidak Banjir,0,120.378406,-5.353589,-9999
21,Point ZM,22,E:\KRB BULUKUMBA\KRB\KRB BULUKUMBA\VALIDASI DATA\SURVEY BULUKUMBA BERSAMA BPBD\tanah longsor Shapefile\tanah longsor Shapefile\photos\20250902090302.jpg,20250902090302.jpg, ,-9999,Tidak Banjir,0,120.3863,-5.348981,-9999
22,Point ZM,23,E:\KRB BULUKUMBA\KRB\KRB BULUKUMBA\VALIDASI DATA\SURVEY BULUKUMBA BERSAMA BPBD\tanah longsor Shapefile\tanah longsor Shapefile\photos\20250902090935.jpg,20250902090935.jpg, ,-9999,Tidak Banjir,0,120.387156,-5.346094,-9999
23,Point ZM,24,E:\KRB BULUKUMBA\KRB\KRB BULUKUMBA\VALIDASI DATA\SURVEY BULUKUMBA BERSAMA BPBD\tanah longsor Shapefile\tanah longsor Shapefile\photos\20250902091053.jpg,20250902091053.jpg, ,-9999,Tidak Banjir,0,120.387269,-5.346089,-9999
24,Point ZM,25,E:\KRB BULUKUMBA\KRB\KRB BULUKUMBA\VALIDASI DATA\SURVEY BULUKUMBA BERSAMA BPBD\tanah longsor Shapefile\tanah longsor Shapefile\photos\20250902091310.jpg,20250902091310.jpg, ,-9999,Tidak Banjir,0,120.387278,-5.346003,-9999
25,Point ZM,26,E:\KRB BULUKUMBA\KRB\KRB BULUKUMBA\VALIDASI DATA\SURVEY BULUKUMBA BERSAMA BPBD\tanah longsor Shapefile\tanah longsor Shapefile\photos\20250902091342.jpg,20250902091342.jpg, ,-9999,Tidak Banjir,0,120.387211,-5.346111,-9999
26,Point ZM,27,E:\KRB BULUKUMBA\KRB\KRB BULUKUMBA\VALIDASI DATA\SURVEY BULUKUMBA BERSAMA BPBD\tanah longsor Shapefile\tanah longsor Shapefile\photos\20250902092111.jpg,20250902092111.jpg, ,-9999,Tidak Banjir,0,120.382522,-5.357036,-9999
27,Point ZM,28,E:\KRB BULUKUMBA\KRB\KRB BULUKUMBA\VALIDASI DATA\SURVEY BULUKUMBA BERSAMA BPBD\tanah longsor Shapefile\tanah longsor Shapefile\photos\20250902092144.jpg,20250902092144.jpg, ,-9999,Tidak Banjir,0,120.382522,-5.357053,-9999
28,Point ZM,29,E:\KRB BULUKUMBA\KRB\KRB BULUKUMBA\VALIDASI DATA\SURVEY BULUKUMBA BERSAMA BPBD\tanah longsor Shapefile\tanah longsor Shapefile\photos\20250902093057.jpg,20250902093057.jpg, ,-9999,Tidak Banjir,0,120.359631,-5.334136,0.394281
29,Point ZM,30,E:\KRB BULUKUMBA\KRB\KRB BULUKUMBA\VALIDASI DATA\SURVEY BULUKUMBA BERSAMA BPBD\tanah longsor Shapefile\tanah longsor Shapefile\photos\20250902093118.jpg,20250902093118.jpg, ,-9999,Tidak Banjir,0,120.359628,-5.334167,0.394281
30,Point ZM,31,E:\KRB BULUKUMBA\KRB\KRB BULUKUMBA\VALIDASI DATA\SURVEY BULUKUMBA BERSAMA BPBD\tanah longsor Shapefile\tanah longsor Shapefile\photos\20250902093203.jpg,20250902093203.jpg, ,-9999,Tidak Banjir,0,120.359617,-5.334169,0.394281
31,Point ZM,32,E:\KRB BULUKUMBA\KRB\KRB BULUKUMBA\VALIDASI DATA\SURVEY BULUKUMBA BERSAMA BPBD\tanah longsor Shapefile\tanah longsor Shapefile\photos\20250903024849.jpg,20250903024849.jpg, ,-9999,Tidak Banjir,0,120.027544,-5.370453,-9999
32,Point ZM,33,E:\KRB BULUKUMBA\KRB\KRB BULUKUMBA\VALIDASI DATA\SURVEY BULUKUMBA BERSAMA BPBD\tanah longsor Shapefile\tanah longsor Shapefile\photos\20250903025020.jpg,20250903025020.jpg, ,-9999,Tidak Banjir,0,120.027344,-5.370639,-9999
33,Point ZM,34,E:\KRB BULUKUMBA\KRB\KRB BULUKUMBA\VALIDASI DATA\SURVEY BULUKUMBA BERSAMA BPBD\tanah longsor Shapefile\tanah longsor Shapefile\photos\20250903025706.jpg,20250903025706.jpg, ,-9999,Tidak Banjir,0,120.027511,-5.370294,-9999
34,Point ZM,35,E:\KRB BULUKUMBA\KRB\KRB BULUKUMBA\VALIDASI DATA\SURVEY BULUKUMBA BERSAMA BPBD\tanah longsor Shapefile\tanah longsor Shapefile\photos\20250903025723.jpg,20250903025723.jpg, ,-9999,Tidak Banjir,0,120.027461,-5.370292,-9999
35,Point ZM,36,E:\KRB BULUKUMBA\KRB\KRB BULUKUMBA\VALIDASI DATA\SURVEY BULUKUMBA BERSAMA BPBD\tanah longsor Shapefile\tanah longsor Shapefile\photos\20250903030432.jpg,20250903030432.jpg, ,-9999,Tidak Banjir,0,120.027311,-5.370536,-9999
36,Point ZM,37,E:\KRB BULUKUMBA\KRB\KRB BULUKUMBA\VALIDASI DATA\SURVEY BULUKUMBA BERSAMA BPBD\tanah longsor Shapefile\tanah longsor Shapefile\photos\20250903030854.jpg,20250903030854.jpg, ,-9999,Tidak Banjir,0,120.027178,-5.370097,-9999
37,Point ZM,38,E:\KRB BULUKUMBA\KRB\KRB BULUKUMBA\VALIDASI DATA\SURVEY BULUKUMBA BERSAMA BPBD\tanah longsor Shapefile\tanah longsor Shapefile\photos\20250903032601.jpg,20250903032601.jpg, ,-9999,Tidak Banjir,0,120.030736,-5.346161,-9999
38,Point ZM,39,E:\KRB BULUKUMBA\KRB\KRB BULUKUMBA\VALIDASI DATA\SURVEY BULUKUMBA BERSAMA BPBD\tanah longsor Shapefile\tanah longsor Shapefile\photos\20250903032650.jpg,20250903032650.jpg, ,-9999,Tidak Banjir,0,120.030756,-5.346186,-9999
39,Point ZM,40,E:\KRB BULUKUMBA\KRB\KRB BULUKUMBA\VALIDASI DATA\SURVEY BULUKUMBA BERSAMA BPBD\tanah longsor Shapefile\tanah longsor Shapefile\photos\20250903033158.jpg,20250903033158.jpg, ,-9999,Tidak Banjir,0,120.026667,-5.344453,-9999
40,Point ZM,41,E:\KRB BULUKUMBA\KRB\KRB BULUKUMBA\VALIDASI DATA\SURVEY BULUKUMBA BERSAMA BPBD\tanah longsor Shapefile\tanah longsor Shapefile\photos\20250903033228.jpg,20250903033228.jpg, ,-9999,Tidak Banjir,0,120.026736,-5.344467,-9999
41,Point ZM,42,E:\KRB BULUKUMBA\KRB\KRB BULUKUMBA\VALIDASI DATA\SURVEY BULUKUMBA BERSAMA BPBD\tanah longsor Shapefile\tanah longsor Shapefile\photos\20250903033615.jpg,20250903033615.jpg, ,-9999,Tidak Banjir,0,120.026483,-5.342403,-9999
42,Point ZM,43,E:\KRB BULUKUMBA\KRB\KRB BULUKUMBA\VALIDASI DATA\SURVEY BULUKUMBA BERSAMA BPBD\tanah longsor Shapefile\tanah longsor Shapefile\photos\20250903033655.jpg,20250903033655.jpg, ,-9999,Tidak Banjir,0,120.026586,-5.342461,-9999
43,Point ZM,44,E:\KRB BULUKUMBA\KRB\KRB BULUKUMBA\VALIDASI DATA\SURVEY BULUKUMBA BERSAMA BPBD\tanah longsor Shapefile\tanah longsor Shapefile\photos\20250903033717.jpg,20250903033717.jpg, ,-9999,Tidak Banjir,0,120.026653,-5.342431,-9999
44,Point ZM,45,E:\KRB BULUKUMBA\KRB\KRB BULUKUMBA\VALIDASI DATA\SURVEY BULUKUMBA BERSAMA BPBD\tanah longsor Shapefile\tanah longsor Shapefile\photos\20250903034453.jpg,20250903034453.jpg, ,-9999,Tidak Banjir,0,120.018053,-5.341411,-9999
45,Point ZM,46,E:\KRB BULUKUMBA\KRB\KRB BULUKUMBA\VALIDASI DATA\SURVEY BULUKUMBA BERSAMA BPBD\tanah longsor Shapefile\tanah longsor Shapefile\photos\20250903034522.jpg,20250903034522.jpg, ,-9999,Tidak Banjir,0,120.018153,-5.341406,-9999
46,Point ZM,47,E:\KRB BULUKUMBA\KRB\KRB BULUKUMBA\VALIDASI DATA\SURVEY BULUKUMBA BERSAMA BPBD\tanah longsor Shapefile\tanah longsor Shapefile\photos\20250903034844.jpg,20250903034844.jpg, ,-9999,Tidak Banjir,0,120.018567,-5.341506,-9999
47,Point ZM,48,E:\KRB BULUKUMBA\KRB\KRB BULUKUMBA\VALIDASI DATA\SURVEY BULUKUMBA BERSAMA BPBD\tanah longsor Shapefile\tanah longsor Shapefile\photos\20250903034924.jpg,20250903034924.jpg, ,-9999,Tidak Banjir,0,120.015178,-5.340194,-9999
48,Point ZM,49,E:\KRB BULUKUMBA\KRB\KRB BULUKUMBA\VALIDASI DATA\SURVEY BULUKUMBA BERSAMA BPBD\tanah longsor Shapefile\tanah longsor Shapefile\photos\20250903035508.jpg,20250903035508.jpg, ,-9999,Tidak Banjir,0,120.010161,-5.339256,-9999
49,Point ZM,50,E:\KRB BULUKUMBA\KRB\KRB BULUKUMBA\VALIDASI DATA\SURVEY BULUKUMBA BERSAMA BPBD\tanah longsor Shapefile\tanah longsor Shapefile\photos\20250903035700.jpg,20250903035700.jpg, ,-9999,Tidak Banjir,0,120.008603,-5.337456,-9999
50,Point ZM,51,E:\KRB BULUKUMBA\KRB\KRB BULUKUMBA\VALIDASI DATA\SURVEY BULUKUMBA BERSAMA BPBD\tanah longsor Shapefile\tanah longsor Shapefile\photos\20250903035716.jpg,20250903035716.jpg, ,-9999,Tidak Banjir,0,120.00855,-5.337375,-9999
51,Point ZM,52,E:\KRB BULUKUMBA\KRB\KRB BULUKUMBA\VALIDASI DATA\SURVEY BULUKUMBA BERSAMA BPBD\tanah longsor Shapefile\tanah longsor Shapefile\photos\20250903035751.jpg,20250903035751.jpg, ,-9999,Tidak Banjir,0,120.008644,-5.337156,-9999
52,Point ZM,53,E:\KRB BULUKUMBA\KRB\KRB BULUKUMBA\VALIDASI DATA\SURVEY BULUKUMBA BERSAMA BPBD\tanah longsor Shapefile\tanah longsor Shapefile\photos\20250903040434.jpg,20250903040434.jpg, ,-9999,Tidak Banjir,0,120.001314,-5.327294,-9999
53,Point ZM,54,E:\KRB BULUKUMBA\KRB\KRB BULUKUMBA\VALIDASI DATA\SURVEY BULUKUMBA BERSAMA BPBD\tanah longsor Shapefile\tanah longsor Shapefile\photos\20250903040448.jpg,20250903040448.jpg, ,-9999,Tidak Banjir,0,120.001214,-5.327111,-9999
54,Point ZM,55,E:\KRB BULUKUMBA\KRB\KRB BULUKUMBA\VALIDASI DATA\SURVEY BULUKUMBA BERSAMA BPBD\tanah longsor Shapefile\tanah longsor Shapefile\photos\20250903040626.jpg,20250903040626.jpg, ,-9999,Tidak Banjir,0,120.001167,-5.326631,-9999
55,Point ZM,56,E:\KRB BULUKUMBA\KRB\KRB BULUKUMBA\VALIDASI DATA\SURVEY BULUKUMBA BERSAMA BPBD\tanah longsor Shapefile\tanah longsor Shapefile\photos\20250903040653.jpg,20250903040653.jpg, ,-9999,Tidak Banjir,0,120.001172,-5.326597,-9999
56,Point ZM,57,E:\KRB BULUKUMBA\KRB\KRB BULUKUMBA\VALIDASI DATA\SURVEY BULUKUMBA BERSAMA BPBD\tanah longsor Shapefile\tanah longsor Shapefile\photos\20250903042139.jpg,20250903042139.jpg, ,-9999,Tidak Banjir,0,120.001419,-5.329189,-9999
57,Point ZM,58,E:\KRB BULUKUMBA\KRB\KRB BULUKUMBA\VALIDASI DATA\SURVEY BULUKUMBA BERSAMA BPBD\tanah longsor Shapefile\tanah longsor Shapefile\photos\20250903042441.jpg,20250903042441.jpg, ,-9999,Tidak Banjir,0,120.001514,-5.329364,-9999
58,Point ZM,59,E:\KRB BULUKUMBA\KRB\KRB BULUKUMBA\VALIDASI DATA\SURVEY BULUKUMBA BERSAMA BPBD\tanah longsor Shapefile\tanah longsor Shapefile\photos\20250903042510.jpg,20250903042510.jpg, ,-9999,Tidak Banjir,0,120.001528,-5.329356,-9999
59,Point ZM,60,E:\KRB BULUKUMBA\KRB\KRB BULUKUMBA\VALIDASI DATA\SURVEY BULUKUMBA BERSAMA BPBD\tanah longsor Shapefile\tanah longsor Shapefile\photos\20250903042605.jpg,20250903042605.jpg, ,-9999,Tidak Banjir,0,120.001525,-5.329364,-9999
60,Point ZM,61,E:\KRB BULUKUMBA\KRB\KRB BULUKUMBA\VALIDASI DATA\SURVEY BULUKUMBA BERSAMA BPBD\tanah longsor Shapefile\tanah longsor Shapefile\photos\20250903061803.jpg,20250903061803.jpg, ,-9999,Banjir,1,120.163858,-5.544689,0.264934
61,Point ZM,62,E:\KRB BULUKUMBA\KRB\KRB BULUKUMBA\VALIDASI DATA\SURVEY BULUKUMBA BERSAMA BPBD\tanah longsor Shapefile\tanah longsor Shapefile\photos\20250903085302.jpg,20250903085302.jpg, ,-9999,Banjir,1,120.148536,-5.565606,0.49599
62,Point ZM,63,E:\KRB BULUKUMBA\KRB\KRB BULUKUMBA\VALIDASI DATA\SURVEY BULUKUMBA BERSAMA BPBD\tanah longsor Shapefile\tanah longsor Shapefile\photos\20250903085348.jpg,20250903085348.jpg, ,-9999,Banjir,1,120.148572,-5.565558,0.444778
63,Point ZM,64,E:\KRB BULUKUMBA\KRB\KRB BULUKUMBA\VALIDASI DATA\SURVEY BULUKUMBA BERSAMA BPBD\tanah longsor Shapefile\tanah longsor Shapefile\photos\20250903085823.jpg,20250903085823.jpg, ,-9999,Banjir,1,120.128556,-5.572033,-9999
64,Point ZM,65,E:\KRB BULUKUMBA\KRB\KRB BULUKUMBA\VALIDASI DATA\SURVEY BULUKUMBA BERSAMA BPBD\tanah longsor Shapefile\tanah longsor Shapefile\photos\20250903085948.jpg,20250903085948.jpg, ,-9999,Banjir,1,120.128508,-5.572025,-9999
65,Point ZM,66,E:\KRB BULUKUMBA\KRB\KRB BULUKUMBA\VALIDASI DATA\SURVEY BULUKUMBA BERSAMA BPBD\banjir Shapefile\banjir Shapefile\photos\20250902024029.jpg,20250902024029.jpg, ,-9999,Banjir,1,120.255889,-5.527033,0.119646
66,Point ZM,67,E:\KRB BULUKUMBA\KRB\KRB BULUKUMBA\VALIDASI DATA\SURVEY BULUKUMBA BERSAMA BPBD\banjir Shapefile\banjir Shapefile\photos\20250902024051.jpg,20250902024051.jpg, ,-9999,Banjir,1,120.255892,-5.527028,0.119646
67,Point ZM,68,E:\KRB BULUKUMBA\KRB\KRB BULUKUMBA\VALIDASI DATA\SURVEY BULUKUMBA BERSAMA BPBD\banjir Shapefile\banjir Shapefile\photos\20250902024101.jpg,20250902024101.jpg, ,-9999,Banjir,1,120.255892,-5.527028,0.119646
68,Point ZM,69,E:\KRB BULUKUMBA\KRB\KRB BULUKUMBA\VALIDASI DATA\SURVEY BULUKUMBA BERSAMA BPBD\banjir Shapefile\banjir Shapefile\photos\20250902024900.jpg,20250902024900.jpg, ,-9999,Banjir,1,120.265947,-5.521008,-9999
69,Point ZM,70,E:\KRB BULUKUMBA\KRB\KRB BULUKUMBA\VALIDASI DATA\SURVEY BULUKUMBA BERSAMA BPBD\banjir Shapefile\banjir Shapefile\photos\20250902024916.jpg,20250902024916.jpg, ,-9999,Banjir,1,120.265978,-5.521053,-9999
70,Point ZM,71,E:\KRB BULUKUMBA\KRB\KRB BULUKUMBA\VALIDASI DATA\SURVEY BULUKUMBA BERSAMA BPBD\banjir Shapefile\banjir Shapefile\photos\20250902025350.jpg,20250902025350.jpg, ,-9999,Banjir,1,120.268014,-5.517622,0.448617
71,Point ZM,72,E:\KRB BULUKUMBA\KRB\KRB BULUKUMBA\VALIDASI DATA\SURVEY BULUKUMBA BERSAMA BPBD\banjir Shapefile\banjir Shapefile\photos\20250902025405.jpg,20250902025405.jpg, ,-9999,Banjir,1,120.267997,-5.517653,0.448617
72,Point ZM,73,E:\KRB BULUKUMBA\KRB\KRB BULUKUMBA\VALIDASI DATA\SURVEY BULUKUMBA BERSAMA BPBD\banjir Shapefile\banjir Shapefile\photos\20250902025442.jpg,20250902025442.jpg, ,-9999,Banjir,1,120.267994,-5.517653,0.448617
73,Point ZM,74,E:\KRB BULUKUMBA\KRB\KRB BULUKUMBA\VALIDASI DATA\SURVEY BULUKUMBA BERSAMA BPBD\banjir Shapefile\banjir Shapefile\photos\20250902025505.jpg,20250902025505.jpg, ,-9999,Banjir,1,120.268028,-5.517606,0.450371
74,Point ZM,75,E:\KRB BULUKUMBA\KRB\KRB BULUKUMBA\VALIDASI DATA\SURVEY BULUKUMBA BERSAMA BPBD\banjir Shapefile\banjir Shapefile\photos\20250902025747.jpg,20250902025747.jpg, ,-9999,Banjir,1,120.269286,-5.514606,0.452517
75,Point ZM,76,E:\KRB BULUKUMBA\KRB\KRB BULUKUMBA\VALIDASI DATA\SURVEY BULUKUMBA BERSAMA BPBD\banjir Shapefile\banjir Shapefile\photos\20250902032035.jpg,20250902032035.jpg, ,-9999,Banjir,1,120.324594,-5.482436,0.623543
76,Point ZM,77,E:\KRB BULUKUMBA\KRB\KRB BULUKUMBA\VALIDASI DATA\SURVEY BULUKUMBA BERSAMA BPBD\banjir Shapefile\banjir Shapefile\photos\20250902032050.jpg,20250902032050.jpg, ,-9999,Banjir,1,120.324606,-5.482453,0.623543
77,Point ZM,78,E:\KRB BULUKUMBA\KRB\KRB BULUKUMBA\VALIDASI DATA\SURVEY BULUKUMBA BERSAMA BPBD\banjir Shapefile\banjir Shapefile\photos\20250902032106.jpg,20250902032106.jpg, ,-9999,Banjir,1,120.324589,-5.482425,0.623543
78,Point ZM,79,E:\KRB BULUKUMBA\KRB\KRB BULUKUMBA\VALIDASI DATA\SURVEY BULUKUMBA BERSAMA BPBD\banjir Shapefile\banjir Shapefile\photos\20250902032129.jpg,20250902032129.jpg, ,-9999,Banjir,1,120.3246,-5.482464,0.623543
79,Point ZM,80,E:\KRB BULUKUMBA\KRB\KRB BULUKUMBA\VALIDASI DATA\SURVEY BULUKUMBA BERSAMA BPBD\banjir Shapefile\banjir Shapefile\photos\20250902033035.jpg,20250902033035.jpg, ,-9999,Banjir,1,120.333931,-5.483119,-9999
80,Point ZM,81,E:\KRB BULUKUMBA\KRB\KRB BULUKUMBA\VALIDASI DATA\SURVEY BULUKUMBA BERSAMA BPBD\banjir Shapefile\banjir Shapefile\photos\20250902074116.jpg,20250902074116.jpg, ,-9999,Banjir,1,120.363131,-5.416414,0.74842
81,Point ZM,82,E:\KRB BULUKUMBA\KRB\KRB BULUKUMBA\VALIDASI DATA\SURVEY BULUKUMBA BERSAMA BPBD\banjir Shapefile\banjir Shapefile\photos\20250902084427.jpg,20250902084427.jpg, ,-9999,Tidak Banjir,0,120.378336,-5.353539,-9999
82,Point ZM,83,E:\KRB BULUKUMBA\KRB\KRB BULUKUMBA\VALIDASI DATA\SURVEY BULUKUMBA BERSAMA BPBD\banjir Shapefile\banjir Shapefile\photos\20250903061448.jpg,20250903061448.jpg, ,-9999,Banjir,1,120.163611,-5.544839,0.322873
83,Point ZM,84,E:\KRB BULUKUMBA\KRB\KRB BULUKUMBA\VALIDASI DATA\SURVEY BULUKUMBA BERSAMA BPBD\banjir Shapefile\banjir Shapefile\photos\20250903061611.jpg,20250903061611.jpg, ,-9999,Banjir,1,120.163583,-5.544806,0.322873
84,Point ZM,85,E:\KRB BULUKUMBA\KRB\KRB BULUKUMBA\VALIDASI DATA\SURVEY BULUKUMBA BERSAMA BPBD\banjir Shapefile\banjir Shapefile\photos\20250903081304.jpg,20250903081304.jpg, ,-9999,Banjir,1,120.184481,-5.558792,0.322499
85,Point ZM,86,E:\KRB BULUKUMBA\KRB\KRB BULUKUMBA\VALIDASI DATA\SURVEY BULUKUMBA BERSAMA BPBD\banjir Shapefile\banjir Shapefile\photos\20250903081332.jpg,20250903081332.jpg, ,-9999,Banjir,1,120.184225,-5.558986,0.279749
86,Point ZM,87,E:\KRB BULUKUMBA\KRB\KRB BULUKUMBA\VALIDASI DATA\SURVEY BULUKUMBA BERSAMA BPBD\banjir Shapefile\banjir Shapefile\photos\20250903081729.jpg,20250903081729.jpg, ,-9999,Banjir,1,120.184189,-5.559239,0.238398
87,Point ZM,88,E:\KRB BULUKUMBA\KRB\KRB BULUKUMBA\VALIDASI DATA\SURVEY BULUKUMBA BERSAMA BPBD\banjir Shapefile\banjir Shapefile\photos\20250903081845.jpg,20250903081845.jpg, ,-9999,Banjir,1,120.184256,-5.559022,0.279749
88,Point ZM,89,E:\KRB BULUKUMBA\KRB\KRB BULUKUMBA\VALIDASI DATA\SURVEY BULUKUMBA BERSAMA BPBD\banjir Shapefile\banjir Shapefile\photos\20250903085105.jpg,20250903085105.jpg, ,-9999,Banjir,1,120.148553,-5.565572,0.444778
89,Point ZM,90,E:\KRB BULUKUMBA\KRB\KRB BULUKUMBA\VALIDASI DATA\SURVEY BULUKUMBA BERSAMA BPBD\banjir Shapefile\banjir Shapefile\photos\20250903085849.jpg,20250903085849.jpg, ,-9999,Banjir,1,120.128539,-5.572044,-9999
90,Point ZM,91,E:\KRB BULUKUMBA\KRB\KRB BULUKUMBA\VALIDASI DATA\SURVEY BULUKUMBA BERSAMA BPBD\banjir Shapefile\banjir Shapefile\photos\20250903085905.jpg,20250903085905.jpg, ,-9999,Banjir,1,120.128525,-5.572039,-9999
91,Point ZM,92,E:\KRB BULUKUMBA\KRB\KRB BULUKUMBA\VALIDASI DATA\SURVEY BULUKUMBA BERSAMA BPBD\banjir Shapefile\banjir Shapefile\photos\20250903090054.jpg,20250903090054.jpg, ,-9999,Banjir,1,120.128369,-5.572128,-9999
92,Point ZM,93,E:\KRB BULUKUMBA\KRB\KRB BULUKUMBA\VALIDASI DATA\SURVEY BULUKUMBA BERSAMA BPBD\banjir Shapefile\banjir Shapefile\photos\20250903090217.jpg,20250903090217.jpg, ,-9999,Banjir,1,120.1279,-5.572397,-9999
93,Point ZM,94,E:\KRB BULUKUMBA\KRB\KRB BULUKUMBA\VALIDASI DATA\SURVEY BULUKUMBA BERSAMA BPBD\banjir Shapefile\banjir Shapefile\photos\20250903090250.jpg,20250903090250.jpg, ,-9999,Banjir,1,120.127942,-5.572392,-9999
94,Point ZM,95,E:\KRB BULUKUMBA\KRB\KRB BULUKUMBA\VALIDASI DATA\SURVEY BULUKUMBA BERSAMA BPBD\banjir Shapefile\banjir Shapefile\photos\20250903090502.jpg,20250903090502.jpg, ,-9999,Banjir,1,120.127914,-5.572411,-9999
